event_img-src,event_title,event_tags,event_dates_html,venue_name,venue_url_html,event_url_html,event_item_html,event_date_span,Days,Time
"https://atlantaplanit.wabe.org/wp-content/uploads/2016/07/SipsSea-300x300.jpg","Sips Under The Sea: Glow in the Dark Party","Holiday","<dl class=""pi-field dates"" title=""Dates""><dt></dt><dd><i class=""fa fa-calendar-o"" aria-hidden=""true""></i><span>Aug 4</span></dd></dl>		<dl class=""pi-field dates"" title=""Dates""><dt></dt><dd><table class=""times""><tbody><tr><th>Days</th><th>Time</th></tr><tr></tr><tr style=""display:none""><td></td><td></td></tr><tr><td>Fri, Aug 4</td><td>7pm – 10pm</td></tr></tbody></table></dd></dl>","Georgia Aquarium","<dl class=""pi-field venue"" title=""Venue""><dt></dt><dd><i class=""fa fa-map-marker"" aria-hidden=""true""></i><span><a href=""https://atlantaplanit.wabe.org/venues/georgia-aquarium/"">Georgia Aquarium</a></span></dd></dl>","<a class=""main-link"" href=""https://atlantaplanit.wabe.org/events/sips-under-the-sea-glow-in-the-dark-party/"">Sips Under The Sea: Glow in the Dark Party</a>","<td class=""thumb"">
	<a title=""Sips Under The Sea: Glow in the Dark Party"" href=""https://atlantaplanit.wabe.org/events/sips-under-the-sea-glow-in-the-dark-party/""><img width=""300"" height=""300"" src=""/wp-content/uploads/2016/07/SipsSea-300x300.jpg"" class=""attachment-planit-300-sq size-planit-300-sq wp-post-image"" alt="""" srcset=""/wp-content/uploads/2016/07/SipsSea-300x300.jpg 300w, /wp-content/uploads/2016/07/SipsSea-63x63.jpg 63w, /wp-content/uploads/2016/07/SipsSea.jpg 400w"" sizes=""(max-width: 300px) 100vw, 300px""></a>	</td>
	<td class=""title"">
		<a class=""main-link"" href=""https://atlantaplanit.wabe.org/events/sips-under-the-sea-glow-in-the-dark-party/"">Sips Under The Sea: Glow in the Dark Party</a>	</td>
	<td class=""tags"">
		<span class=""cat-links""><a href=""/holiday/"" rel=""tag"">Holiday</a></span>	</td>
	<td class=""timetable"">
		<dl class=""pi-field dates"" title=""Dates""><dt></dt><dd><i class=""fa fa-calendar-o"" aria-hidden=""true""></i><span>Aug 4</span></dd></dl>		<dl class=""pi-field dates"" title=""Dates""><dt></dt><dd><table class=""times""><tbody><tr><th>Days</th><th>Time</th></tr><tr></tr><tr style=""display:none""><td></td><td></td></tr><tr><td>Fri, Aug 4</td><td>7pm – 10pm</td></tr></tbody></table></dd></dl>	</td>
	<td class=""venue hide-if-list-view"">
		<dl class=""pi-field venue"" title=""Venue""><dt></dt><dd><i class=""fa fa-map-marker"" aria-hidden=""true""></i><span><a href=""https://atlantaplanit.wabe.org/venues/georgia-aquarium/"">Georgia Aquarium</a></span></dd></dl>	</td>","Aug 4","Fri, Aug 4","7pm – 10pm"
"https://atlantaplanit.wabe.org/wp-content/uploads/2017/03/Stone_Mtn_Park-300x300.jpg","Fantastic Fourth Celebration","Family Festivals Holiday","<dl class=""pi-field dates"" title=""Dates""><dt></dt><dd><i class=""fa fa-calendar-o"" aria-hidden=""true""></i><span>Jul 1 – Jul 4</span></dd></dl>		<dl class=""pi-field dates"" title=""Dates""><dt></dt><dd><table class=""times""><tbody><tr><th>Days</th><th>Time</th></tr><tr></tr><tr style=""display:none""><td></td><td></td></tr><tr><td>Every </td><td>10am – 10pm</td></tr></tbody></table></dd></dl>","Stone Mountain Park","<dl class=""pi-field venue"" title=""Venue""><dt></dt><dd><i class=""fa fa-map-marker"" aria-hidden=""true""></i><span><a href=""https://atlantaplanit.wabe.org/venues/stone-mountain-park-2/"">Stone Mountain Park</a></span></dd></dl>","<a class=""main-link"" href=""https://atlantaplanit.wabe.org/events/fantastic-fourth-celebration/"">Fantastic Fourth Celebration</a>","<td class=""thumb"">
	<a title=""Fantastic Fourth Celebration"" href=""https://atlantaplanit.wabe.org/events/fantastic-fourth-celebration/""><img width=""300"" height=""300"" src=""/wp-content/uploads/2017/03/Stone_Mtn_Park-300x300.jpg"" class=""attachment-planit-300-sq size-planit-300-sq wp-post-image"" alt="""" srcset=""/wp-content/uploads/2017/03/Stone_Mtn_Park-300x300.jpg 300w, /wp-content/uploads/2017/03/Stone_Mtn_Park-63x63.jpg 63w, /wp-content/uploads/2017/03/Stone_Mtn_Park.jpg 477w"" sizes=""(max-width: 300px) 100vw, 300px""></a>	</td>
	<td class=""title"">
		<a class=""main-link"" href=""https://atlantaplanit.wabe.org/events/fantastic-fourth-celebration/"">Fantastic Fourth Celebration</a>	</td>
	<td class=""tags"">
		<span class=""cat-links""><a href=""/family/"" rel=""tag"">Family</a> <a href=""/festivals/"" rel=""tag"">Festivals</a> <a href=""/holiday/"" rel=""tag"">Holiday</a></span>	</td>
	<td class=""timetable"">
		<dl class=""pi-field dates"" title=""Dates""><dt></dt><dd><i class=""fa fa-calendar-o"" aria-hidden=""true""></i><span>Jul 1 – Jul 4</span></dd></dl>		<dl class=""pi-field dates"" title=""Dates""><dt></dt><dd><table class=""times""><tbody><tr><th>Days</th><th>Time</th></tr><tr></tr><tr style=""display:none""><td></td><td></td></tr><tr><td>Every </td><td>10am – 10pm</td></tr></tbody></table></dd></dl>	</td>
	<td class=""venue hide-if-list-view"">
		<dl class=""pi-field venue"" title=""Venue""><dt></dt><dd><i class=""fa fa-map-marker"" aria-hidden=""true""></i><span><a href=""https://atlantaplanit.wabe.org/venues/stone-mountain-park-2/"">Stone Mountain Park</a></span></dd></dl>	</td>","Jul 1 – Jul 4","Every","10am – 10pm"
"https://atlantaplanit.wabe.org/wp-content/uploads/2016/11/AtlStationLightingCROP-300x300.jpg","Atlantic Station Tree Lighting","Family Festivals Free Holiday","<dl class=""pi-field dates"" title=""Dates""><dt></dt><dd><i class=""fa fa-calendar-o"" aria-hidden=""true""></i><span>Nov 18</span></dd></dl>		<dl class=""pi-field dates"" title=""Dates""><dt></dt><dd><table class=""times""><tbody><tr><th>Days</th><th>Time</th></tr><tr></tr><tr style=""display:none""><td></td><td></td></tr><tr><td>Sat, Nov 18</td><td>1pm – 10pm</td></tr></tbody></table></dd></dl>","Atlantic Station","<dl class=""pi-field venue"" title=""Venue""><dt></dt><dd><i class=""fa fa-map-marker"" aria-hidden=""true""></i><span><a href=""https://atlantaplanit.wabe.org/venues/atlantic-station/"">Atlantic Station</a></span></dd></dl>","<a class=""main-link"" href=""https://atlantaplanit.wabe.org/events/atlantic-station-tree-lighting/"">Atlantic Station Tree Lighting</a>","<td class=""thumb"">
	<a title=""Atlantic Station Tree Lighting"" href=""https://atlantaplanit.wabe.org/events/atlantic-station-tree-lighting/""><img width=""300"" height=""300"" src=""/wp-content/uploads/2016/11/AtlStationLightingCROP-300x300.jpg"" class=""attachment-planit-300-sq size-planit-300-sq wp-post-image"" alt="""" srcset=""/wp-content/uploads/2016/11/AtlStationLightingCROP-300x300.jpg 300w, /wp-content/uploads/2016/11/AtlStationLightingCROP-63x63.jpg 63w, /wp-content/uploads/2016/11/AtlStationLightingCROP.jpg 477w"" sizes=""(max-width: 300px) 100vw, 300px""></a>	</td>
	<td class=""title"">
		<a class=""main-link"" href=""https://atlantaplanit.wabe.org/events/atlantic-station-tree-lighting/"">Atlantic Station Tree Lighting</a>	</td>
	<td class=""tags"">
		<span class=""cat-links""><a href=""/family/"" rel=""tag"">Family</a> <a href=""/festivals/"" rel=""tag"">Festivals</a> <a href=""/free/"" rel=""tag"">Free</a> <a href=""/holiday/"" rel=""tag"">Holiday</a></span>	</td>
	<td class=""timetable"">
		<dl class=""pi-field dates"" title=""Dates""><dt></dt><dd><i class=""fa fa-calendar-o"" aria-hidden=""true""></i><span>Nov 18</span></dd></dl>		<dl class=""pi-field dates"" title=""Dates""><dt></dt><dd><table class=""times""><tbody><tr><th>Days</th><th>Time</th></tr><tr></tr><tr style=""display:none""><td></td><td></td></tr><tr><td>Sat, Nov 18</td><td>1pm – 10pm</td></tr></tbody></table></dd></dl>	</td>
	<td class=""venue hide-if-list-view"">
		<dl class=""pi-field venue"" title=""Venue""><dt></dt><dd><i class=""fa fa-map-marker"" aria-hidden=""true""></i><span><a href=""https://atlantaplanit.wabe.org/venues/atlantic-station/"">Atlantic Station</a></span></dd></dl>	</td>","Nov 18","Sat, Nov 18","1pm – 10pm"
"","Red White & Brew","Festivals Holiday","<dl class=""pi-field dates"" title=""Dates""><dt></dt><dd><i class=""fa fa-calendar-o"" aria-hidden=""true""></i><span>Jul 1</span></dd></dl>		<dl class=""pi-field dates"" title=""Dates""><dt></dt><dd><table class=""times""><tbody><tr><th>Days</th><th>Time</th></tr><tr></tr><tr style=""display:none""><td></td><td></td></tr><tr><td>Sat, Jul 1</td><td>7pm – 11pm</td></tr></tbody></table></dd></dl>","Georgia Aquarium","<dl class=""pi-field venue"" title=""Venue""><dt></dt><dd><i class=""fa fa-map-marker"" aria-hidden=""true""></i><span><a href=""https://atlantaplanit.wabe.org/venues/georgia-aquarium/"">Georgia Aquarium</a></span></dd></dl>","<a class=""main-link"" href=""https://atlantaplanit.wabe.org/events/red-white-brew/"">Red White &amp; Brew</a>","<td class=""thumb"">
		</td>
	<td class=""title"">
		<a class=""main-link"" href=""https://atlantaplanit.wabe.org/events/red-white-brew/"">Red White &amp; Brew</a>	</td>
	<td class=""tags"">
		<span class=""cat-links""><a href=""/festivals/"" rel=""tag"">Festivals</a> <a href=""/holiday/"" rel=""tag"">Holiday</a></span>	</td>
	<td class=""timetable"">
		<dl class=""pi-field dates"" title=""Dates""><dt></dt><dd><i class=""fa fa-calendar-o"" aria-hidden=""true""></i><span>Jul 1</span></dd></dl>		<dl class=""pi-field dates"" title=""Dates""><dt></dt><dd><table class=""times""><tbody><tr><th>Days</th><th>Time</th></tr><tr></tr><tr style=""display:none""><td></td><td></td></tr><tr><td>Sat, Jul 1</td><td>7pm – 11pm</td></tr></tbody></table></dd></dl>	</td>
	<td class=""venue hide-if-list-view"">
		<dl class=""pi-field venue"" title=""Venue""><dt></dt><dd><i class=""fa fa-map-marker"" aria-hidden=""true""></i><span><a href=""https://atlantaplanit.wabe.org/venues/georgia-aquarium/"">Georgia Aquarium</a></span></dd></dl>	</td>","Jul 1","Sat, Jul 1","7pm – 11pm"
"https://atlantaplanit.wabe.org/wp-content/uploads/2017/03/AlpharettaChristmasCROP-300x300.jpg","Alpharetta Christmas Tree Lighting","Family Festivals Holiday","<dl class=""pi-field dates"" title=""Dates""><dt></dt><dd><i class=""fa fa-calendar-o"" aria-hidden=""true""></i><span>Dec 2</span></dd></dl>		<dl class=""pi-field dates"" title=""Dates""><dt></dt><dd><table class=""times""><tbody><tr><th>Days</th><th>Time</th></tr><tr></tr><tr style=""display:none""><td></td><td></td></tr><tr><td>Sat, Dec 2</td><td>5pm – 9pm</td></tr></tbody></table></dd></dl>","Historic Downtown Alpharetta","<dl class=""pi-field venue"" title=""Venue""><dt></dt><dd><i class=""fa fa-map-marker"" aria-hidden=""true""></i><span><a href=""https://atlantaplanit.wabe.org/venues/historic-downtown-alpharetta/"">Historic Downtown Alpharetta</a></span></dd></dl>","<a class=""main-link"" href=""https://atlantaplanit.wabe.org/events/alpharetta-christmas-tree-lighting/"">Alpharetta Christmas Tree Lighting</a>","<td class=""thumb"">
	<a title=""Alpharetta Christmas Tree Lighting"" href=""https://atlantaplanit.wabe.org/events/alpharetta-christmas-tree-lighting/""><img width=""300"" height=""300"" src=""/wp-content/uploads/2017/03/AlpharettaChristmasCROP-300x300.jpg"" class=""attachment-planit-300-sq size-planit-300-sq wp-post-image"" alt="""" srcset=""/wp-content/uploads/2017/03/AlpharettaChristmasCROP-300x300.jpg 300w, /wp-content/uploads/2017/03/AlpharettaChristmasCROP-63x63.jpg 63w, /wp-content/uploads/2017/03/AlpharettaChristmasCROP.jpg 477w"" sizes=""(max-width: 300px) 100vw, 300px""></a>	</td>
	<td class=""title"">
		<a class=""main-link"" href=""https://atlantaplanit.wabe.org/events/alpharetta-christmas-tree-lighting/"">Alpharetta Christmas Tree Lighting</a>	</td>
	<td class=""tags"">
		<span class=""cat-links""><a href=""/family/"" rel=""tag"">Family</a> <a href=""/festivals/"" rel=""tag"">Festivals</a> <a href=""/holiday/"" rel=""tag"">Holiday</a></span>	</td>
	<td class=""timetable"">
		<dl class=""pi-field dates"" title=""Dates""><dt></dt><dd><i class=""fa fa-calendar-o"" aria-hidden=""true""></i><span>Dec 2</span></dd></dl>		<dl class=""pi-field dates"" title=""Dates""><dt></dt><dd><table class=""times""><tbody><tr><th>Days</th><th>Time</th></tr><tr></tr><tr style=""display:none""><td></td><td></td></tr><tr><td>Sat, Dec 2</td><td>5pm – 9pm</td></tr></tbody></table></dd></dl>	</td>
	<td class=""venue hide-if-list-view"">
		<dl class=""pi-field venue"" title=""Venue""><dt></dt><dd><i class=""fa fa-map-marker"" aria-hidden=""true""></i><span><a href=""https://atlantaplanit.wabe.org/venues/historic-downtown-alpharetta/"">Historic Downtown Alpharetta</a></span></dd></dl>	</td>","Dec 2","Sat, Dec 2","5pm – 9pm"
"https://atlantaplanit.wabe.org/wp-content/uploads/2017/03/AlpharettaArtsStreetfestCROP-300x300.jpg","Alpharetta Arts Streetfest","Family Festivals Free Holiday","<dl class=""pi-field dates"" title=""Dates""><dt></dt><dd><i class=""fa fa-calendar-o"" aria-hidden=""true""></i><span>May 27 – May 29</span></dd></dl>		<dl class=""pi-field dates"" title=""Dates""><dt></dt><dd><table class=""times""><tbody><tr><th>Days</th><th>Time</th></tr><tr></tr><tr style=""display:none""><td></td><td></td></tr><tr><td>Sat, May 27<br>Sun, May 28<br>Mon, May 29</td><td>10am – 5pm</td></tr></tbody></table></dd></dl>","Historic Downtown Alpharetta","<dl class=""pi-field venue"" title=""Venue""><dt></dt><dd><i class=""fa fa-map-marker"" aria-hidden=""true""></i><span><a href=""https://atlantaplanit.wabe.org/venues/historic-downtown-alpharetta/"">Historic Downtown Alpharetta</a></span></dd></dl>","<a class=""main-link"" href=""https://atlantaplanit.wabe.org/events/alpharetta-arts-streetfest/"">Alpharetta Arts Streetfest</a>","<td class=""thumb"">
	<a title=""Alpharetta Arts Streetfest"" href=""https://atlantaplanit.wabe.org/events/alpharetta-arts-streetfest/""><img width=""300"" height=""300"" src=""/wp-content/uploads/2017/03/AlpharettaArtsStreetfestCROP-300x300.jpg"" class=""attachment-planit-300-sq size-planit-300-sq wp-post-image"" alt="""" srcset=""/wp-content/uploads/2017/03/AlpharettaArtsStreetfestCROP-300x300.jpg 300w, /wp-content/uploads/2017/03/AlpharettaArtsStreetfestCROP-63x63.jpg 63w, /wp-content/uploads/2017/03/AlpharettaArtsStreetfestCROP.jpg 477w"" sizes=""(max-width: 300px) 100vw, 300px""></a>	</td>
	<td class=""title"">
		<a class=""main-link"" href=""https://atlantaplanit.wabe.org/events/alpharetta-arts-streetfest/"">Alpharetta Arts Streetfest</a>	</td>
	<td class=""tags"">
		<span class=""cat-links""><a href=""/family/"" rel=""tag"">Family</a> <a href=""/festivals/"" rel=""tag"">Festivals</a> <a href=""/free/"" rel=""tag"">Free</a> <a href=""/holiday/"" rel=""tag"">Holiday</a></span>	</td>
	<td class=""timetable"">
		<dl class=""pi-field dates"" title=""Dates""><dt></dt><dd><i class=""fa fa-calendar-o"" aria-hidden=""true""></i><span>May 27 – May 29</span></dd></dl>		<dl class=""pi-field dates"" title=""Dates""><dt></dt><dd><table class=""times""><tbody><tr><th>Days</th><th>Time</th></tr><tr></tr><tr style=""display:none""><td></td><td></td></tr><tr><td>Sat, May 27<br>Sun, May 28<br>Mon, May 29</td><td>10am – 5pm</td></tr></tbody></table></dd></dl>	</td>
	<td class=""venue hide-if-list-view"">
		<dl class=""pi-field venue"" title=""Venue""><dt></dt><dd><i class=""fa fa-map-marker"" aria-hidden=""true""></i><span><a href=""https://atlantaplanit.wabe.org/venues/historic-downtown-alpharetta/"">Historic Downtown Alpharetta</a></span></dd></dl>	</td>","May 27 – May 29","Sat, May 27Sun, May 28Mon, May 29","10am – 5pm"
"https://atlantaplanit.wabe.org/wp-content/uploads/2017/03/IMG_0404-300x300.jpg","MotherWorks","Holiday","<dl class=""pi-field dates"" title=""Dates""><dt></dt><dd><i class=""fa fa-calendar-o"" aria-hidden=""true""></i><span>May 11 – May 14</span></dd></dl>		<dl class=""pi-field dates"" title=""Dates""><dt></dt><dd><table class=""times""><tbody><tr><th>Days</th><th>Time</th></tr><tr></tr><tr style=""display:none""><td></td><td></td></tr><tr><td>Thu, May 11<br>Fri, May 12<br>Sun, May 14</td><td>7pm – 9pm</td></tr><tr><td>Sat, May 13</td><td>10am – 12pm<br>1pm – 3pm</td></tr><tr><td>Sun, May 14</td><td>4pm – 6pm</td></tr></tbody></table></dd></dl>","Atlanta","<dl class=""pi-field venue"" title=""Venue""><dt></dt><dd><i class=""fa fa-map-marker"" aria-hidden=""true""></i><span><a href=""https://atlantaplanit.wabe.org/venues/atlanta-2/"">Atlanta</a></span></dd></dl>","<a class=""main-link"" href=""https://atlantaplanit.wabe.org/events/motherworks/"">MotherWorks</a>","<td class=""thumb"">
	<a title=""MotherWorks"" href=""https://atlantaplanit.wabe.org/events/motherworks/""><img width=""300"" height=""300"" src=""/wp-content/uploads/2017/03/IMG_0404-300x300.jpg"" class=""attachment-planit-300-sq size-planit-300-sq wp-post-image"" alt="""" srcset=""/wp-content/uploads/2017/03/IMG_0404-300x300.jpg 300w, /wp-content/uploads/2017/03/IMG_0404-63x63.jpg 63w, /wp-content/uploads/2017/03/IMG_0404.jpg 310w"" sizes=""(max-width: 300px) 100vw, 300px""></a>	</td>
	<td class=""title"">
		<a class=""main-link"" href=""https://atlantaplanit.wabe.org/events/motherworks/"">MotherWorks</a>	</td>
	<td class=""tags"">
		<span class=""cat-links""><a href=""/holiday/"" rel=""tag"">Holiday</a></span>	</td>
	<td class=""timetable"">
		<dl class=""pi-field dates"" title=""Dates""><dt></dt><dd><i class=""fa fa-calendar-o"" aria-hidden=""true""></i><span>May 11 – May 14</span></dd></dl>		<dl class=""pi-field dates"" title=""Dates""><dt></dt><dd><table class=""times""><tbody><tr><th>Days</th><th>Time</th></tr><tr></tr><tr style=""display:none""><td></td><td></td></tr><tr><td>Thu, May 11<br>Fri, May 12<br>Sun, May 14</td><td>7pm – 9pm</td></tr><tr><td>Sat, May 13</td><td>10am – 12pm<br>1pm – 3pm</td></tr><tr><td>Sun, May 14</td><td>4pm – 6pm</td></tr></tbody></table></dd></dl>	</td>
	<td class=""venue hide-if-list-view"">
		<dl class=""pi-field venue"" title=""Venue""><dt></dt><dd><i class=""fa fa-map-marker"" aria-hidden=""true""></i><span><a href=""https://atlantaplanit.wabe.org/venues/atlanta-2/"">Atlanta</a></span></dd></dl>	</td>","May 11 – May 14","Thu, May 11Fri, May 12Sun, May 14","7pm – 9pm"
"https://atlantaplanit.wabe.org/wp-content/uploads/2017/02/Juneteenth_Atlanta_Parade_-300x300.jpg","Juneteenth Atlanta Parade & Music Festival","Family Festivals Free Holiday Music","<dl class=""pi-field dates"" title=""Dates""><dt></dt><dd><i class=""fa fa-calendar-o"" aria-hidden=""true""></i><span>Jun 16 – Jun 18</span></dd></dl>		<dl class=""pi-field dates"" title=""Dates""><dt></dt><dd><table class=""times""><tbody><tr><th>Days</th><th>Time</th></tr><tr></tr><tr style=""display:none""><td></td><td></td></tr><tr><td>Every </td><td>10am – 10pm</td></tr></tbody></table></dd></dl>","Atlanta","<dl class=""pi-field venue"" title=""Venue""><dt></dt><dd><i class=""fa fa-map-marker"" aria-hidden=""true""></i><span><a href=""https://atlantaplanit.wabe.org/venues/atlanta-2/"">Atlanta</a></span></dd></dl>","<a class=""main-link"" href=""https://atlantaplanit.wabe.org/events/juneteenth-atlanta-parade-music-festival/"">Juneteenth Atlanta Parade &amp; Music Festival</a>","<td class=""thumb"">
	<a title=""Juneteenth Atlanta Parade &amp; Music Festival"" href=""https://atlantaplanit.wabe.org/events/juneteenth-atlanta-parade-music-festival/""><img width=""300"" height=""300"" src=""/wp-content/uploads/2017/02/Juneteenth_Atlanta_Parade_-300x300.jpg"" class=""attachment-planit-300-sq size-planit-300-sq wp-post-image"" alt="""" srcset=""/wp-content/uploads/2017/02/Juneteenth_Atlanta_Parade_-300x300.jpg 300w, /wp-content/uploads/2017/02/Juneteenth_Atlanta_Parade_-63x63.jpg 63w, /wp-content/uploads/2017/02/Juneteenth_Atlanta_Parade_.jpg 477w"" sizes=""(max-width: 300px) 100vw, 300px""></a>	</td>
	<td class=""title"">
		<a class=""main-link"" href=""https://atlantaplanit.wabe.org/events/juneteenth-atlanta-parade-music-festival/"">Juneteenth Atlanta Parade &amp; Music Festival</a>	</td>
	<td class=""tags"">
		<span class=""cat-links""><a href=""/family/"" rel=""tag"">Family</a> <a href=""/festivals/"" rel=""tag"">Festivals</a> <a href=""/free/"" rel=""tag"">Free</a> <a href=""/holiday/"" rel=""tag"">Holiday</a> <a href=""/music/"" rel=""tag"">Music</a></span>	</td>
	<td class=""timetable"">
		<dl class=""pi-field dates"" title=""Dates""><dt></dt><dd><i class=""fa fa-calendar-o"" aria-hidden=""true""></i><span>Jun 16 – Jun 18</span></dd></dl>		<dl class=""pi-field dates"" title=""Dates""><dt></dt><dd><table class=""times""><tbody><tr><th>Days</th><th>Time</th></tr><tr></tr><tr style=""display:none""><td></td><td></td></tr><tr><td>Every </td><td>10am – 10pm</td></tr></tbody></table></dd></dl>	</td>
	<td class=""venue hide-if-list-view"">
		<dl class=""pi-field venue"" title=""Venue""><dt></dt><dd><i class=""fa fa-map-marker"" aria-hidden=""true""></i><span><a href=""https://atlantaplanit.wabe.org/venues/atlanta-2/"">Atlanta</a></span></dd></dl>	</td>","Jun 16 – Jun 18","Every","10am – 10pm"
"https://atlantaplanit.wabe.org/wp-content/uploads/2017/03/Sandy_Springs_Fireworks-300x300.jpg","Sandy Springs Stars and Stripes Celebration","Festivals Free Holiday","<dl class=""pi-field dates"" title=""Dates""><dt></dt><dd><i class=""fa fa-calendar-o"" aria-hidden=""true""></i><span>Jul 2</span></dd></dl>		<dl class=""pi-field dates"" title=""Dates""><dt></dt><dd><table class=""times""><tbody><tr><th>Days</th><th>Time</th></tr><tr></tr><tr style=""display:none""><td></td><td></td></tr><tr><td>Sun, Jul 2</td><td>7:30pm – 10:30pm</td></tr></tbody></table></dd></dl>","Atlanta","<dl class=""pi-field venue"" title=""Venue""><dt></dt><dd><i class=""fa fa-map-marker"" aria-hidden=""true""></i><span><a href=""https://atlantaplanit.wabe.org/venues/atlanta-2/"">Atlanta</a></span></dd></dl>","<a class=""main-link"" href=""https://atlantaplanit.wabe.org/events/sandy-springs-stars-and-stripes-celebration/"">Sandy Springs Stars and Stripes Celebration</a>","<td class=""thumb"">
	<a title=""Sandy Springs Stars and Stripes Celebration"" href=""https://atlantaplanit.wabe.org/events/sandy-springs-stars-and-stripes-celebration/""><img width=""300"" height=""300"" src=""/wp-content/uploads/2017/03/Sandy_Springs_Fireworks-300x300.jpg"" class=""attachment-planit-300-sq size-planit-300-sq wp-post-image"" alt="""" srcset=""/wp-content/uploads/2017/03/Sandy_Springs_Fireworks-300x300.jpg 300w, /wp-content/uploads/2017/03/Sandy_Springs_Fireworks-63x63.jpg 63w, /wp-content/uploads/2017/03/Sandy_Springs_Fireworks.jpg 477w"" sizes=""(max-width: 300px) 100vw, 300px""></a>	</td>
	<td class=""title"">
		<a class=""main-link"" href=""https://atlantaplanit.wabe.org/events/sandy-springs-stars-and-stripes-celebration/"">Sandy Springs Stars and Stripes Celebration</a>	</td>
	<td class=""tags"">
		<span class=""cat-links""><a href=""/festivals/"" rel=""tag"">Festivals</a> <a href=""/free/"" rel=""tag"">Free</a> <a href=""/holiday/"" rel=""tag"">Holiday</a></span>	</td>
	<td class=""timetable"">
		<dl class=""pi-field dates"" title=""Dates""><dt></dt><dd><i class=""fa fa-calendar-o"" aria-hidden=""true""></i><span>Jul 2</span></dd></dl>		<dl class=""pi-field dates"" title=""Dates""><dt></dt><dd><table class=""times""><tbody><tr><th>Days</th><th>Time</th></tr><tr></tr><tr style=""display:none""><td></td><td></td></tr><tr><td>Sun, Jul 2</td><td>7:30pm – 10:30pm</td></tr></tbody></table></dd></dl>	</td>
	<td class=""venue hide-if-list-view"">
		<dl class=""pi-field venue"" title=""Venue""><dt></dt><dd><i class=""fa fa-map-marker"" aria-hidden=""true""></i><span><a href=""https://atlantaplanit.wabe.org/venues/atlanta-2/"">Atlanta</a></span></dd></dl>	</td>","Jul 2","Sun, Jul 2","7:30pm – 10:30pm"
"https://atlantaplanit.wabe.org/wp-content/uploads/2016/07/SGG_-_path.jpg","Through the Garden Gate Tour","Holiday","<dl class=""pi-field dates"" title=""Dates""><dt></dt><dd><i class=""fa fa-calendar-o"" aria-hidden=""true""></i><span>May 13</span></dd></dl>		<dl class=""pi-field dates"" title=""Dates""><dt></dt><dd><table class=""times""><tbody><tr><th>Days</th><th>Time</th></tr><tr></tr><tr style=""display:none""><td></td><td></td></tr><tr><td>Sat, May 13</td><td>10am – 5pm</td></tr></tbody></table></dd></dl>","Smith-Gilbert Gardens","<dl class=""pi-field venue"" title=""Venue""><dt></dt><dd><i class=""fa fa-map-marker"" aria-hidden=""true""></i><span><a href=""https://atlantaplanit.wabe.org/venues/smith-gilbert-gardens/"">Smith-Gilbert Gardens</a></span></dd></dl>","<a class=""main-link"" href=""https://atlantaplanit.wabe.org/events/through-the-garden-gate-tour/"">Through the Garden Gate Tour</a>","<td class=""thumb"">
	<a title=""Through the Garden Gate Tour"" href=""https://atlantaplanit.wabe.org/events/through-the-garden-gate-tour/""><img width=""200"" height=""200"" src=""/wp-content/uploads/2016/07/SGG_-_path.jpg"" class=""attachment-planit-300-sq size-planit-300-sq wp-post-image"" alt="""" srcset=""/wp-content/uploads/2016/07/SGG_-_path.jpg 200w, /wp-content/uploads/2016/07/SGG_-_path-63x63.jpg 63w"" sizes=""(max-width: 200px) 100vw, 200px""></a>	</td>
	<td class=""title"">
		<a class=""main-link"" href=""https://atlantaplanit.wabe.org/events/through-the-garden-gate-tour/"">Through the Garden Gate Tour</a>	</td>
	<td class=""tags"">
		<span class=""cat-links""><a href=""/holiday/"" rel=""tag"">Holiday</a></span>	</td>
	<td class=""timetable"">
		<dl class=""pi-field dates"" title=""Dates""><dt></dt><dd><i class=""fa fa-calendar-o"" aria-hidden=""true""></i><span>May 13</span></dd></dl>		<dl class=""pi-field dates"" title=""Dates""><dt></dt><dd><table class=""times""><tbody><tr><th>Days</th><th>Time</th></tr><tr></tr><tr style=""display:none""><td></td><td></td></tr><tr><td>Sat, May 13</td><td>10am – 5pm</td></tr></tbody></table></dd></dl>	</td>
	<td class=""venue hide-if-list-view"">
		<dl class=""pi-field venue"" title=""Venue""><dt></dt><dd><i class=""fa fa-map-marker"" aria-hidden=""true""></i><span><a href=""https://atlantaplanit.wabe.org/venues/smith-gilbert-gardens/"">Smith-Gilbert Gardens</a></span></dd></dl>	</td>","May 13","Sat, May 13","10am – 5pm"
"https://atlantaplanit.wabe.org/wp-content/uploads/2017/03/Pumpkin_Festival_-_stonemtn-300x300.jpg","Pumpkin Festival","Family Festivals Holiday","<dl class=""pi-field dates"" title=""Dates""><dt></dt><dd><i class=""fa fa-calendar-o"" aria-hidden=""true""></i><span>Sep 29 – Sep 30</span></dd></dl>		<dl class=""pi-field dates"" title=""Dates""><dt></dt><dd><table class=""times""><tbody><tr><th>Days</th><th>Time</th></tr><tr></tr><tr style=""display:none""><td></td><td></td></tr><tr><td>Every </td><td>10am – 5pm</td></tr></tbody></table></dd></dl>","Stone Mountain Park","<dl class=""pi-field venue"" title=""Venue""><dt></dt><dd><i class=""fa fa-map-marker"" aria-hidden=""true""></i><span><a href=""https://atlantaplanit.wabe.org/venues/stone-mountain-park-2/"">Stone Mountain Park</a></span></dd></dl>","<a class=""main-link"" href=""https://atlantaplanit.wabe.org/events/pumpkin-festival-2/"">Pumpkin Festival</a>","<td class=""thumb"">
	<a title=""Pumpkin Festival"" href=""https://atlantaplanit.wabe.org/events/pumpkin-festival-2/""><img width=""300"" height=""300"" src=""/wp-content/uploads/2017/03/Pumpkin_Festival_-_stonemtn-300x300.jpg"" class=""attachment-planit-300-sq size-planit-300-sq wp-post-image"" alt="""" srcset=""/wp-content/uploads/2017/03/Pumpkin_Festival_-_stonemtn-300x300.jpg 300w, /wp-content/uploads/2017/03/Pumpkin_Festival_-_stonemtn-63x63.jpg 63w, /wp-content/uploads/2017/03/Pumpkin_Festival_-_stonemtn.jpg 477w"" sizes=""(max-width: 300px) 100vw, 300px""></a>	</td>
	<td class=""title"">
		<a class=""main-link"" href=""https://atlantaplanit.wabe.org/events/pumpkin-festival-2/"">Pumpkin Festival</a>	</td>
	<td class=""tags"">
		<span class=""cat-links""><a href=""/family/"" rel=""tag"">Family</a> <a href=""/festivals/"" rel=""tag"">Festivals</a> <a href=""/holiday/"" rel=""tag"">Holiday</a></span>	</td>
	<td class=""timetable"">
		<dl class=""pi-field dates"" title=""Dates""><dt></dt><dd><i class=""fa fa-calendar-o"" aria-hidden=""true""></i><span>Sep 29 – Sep 30</span></dd></dl>		<dl class=""pi-field dates"" title=""Dates""><dt></dt><dd><table class=""times""><tbody><tr><th>Days</th><th>Time</th></tr><tr></tr><tr style=""display:none""><td></td><td></td></tr><tr><td>Every </td><td>10am – 5pm</td></tr></tbody></table></dd></dl>	</td>
	<td class=""venue hide-if-list-view"">
		<dl class=""pi-field venue"" title=""Venue""><dt></dt><dd><i class=""fa fa-map-marker"" aria-hidden=""true""></i><span><a href=""https://atlantaplanit.wabe.org/venues/stone-mountain-park-2/"">Stone Mountain Park</a></span></dd></dl>	</td>","Sep 29 – Sep 30","Every","10am – 5pm"
"https://atlantaplanit.wabe.org/wp-content/uploads/2016/09/High_-_First_Fridays.jpg","First Fridays","Galleries Holiday Museums","<dl class=""pi-field dates"" title=""Dates""><dt></dt><dd><i class=""fa fa-calendar-o"" aria-hidden=""true""></i><span>May 5 – Dec 1</span></dd></dl>		<dl class=""pi-field dates"" title=""Dates""><dt></dt><dd><table class=""times""><tbody><tr><th>Days</th><th>Time</th></tr><tr></tr><tr style=""display:none""><td></td><td></td></tr><tr><td>Fri, May 5<br>Fri, Jun 2<br>Fri, Jul 7<br>Fri, Aug 4<br>Fri, Sep 1<br>Fri, Oct 6<br>Fri, Nov 3<br>Fri, Dec 1</td><td>6pm – 9pm</td></tr></tbody></table></dd></dl>","High Museum of Art","<dl class=""pi-field venue"" title=""Venue""><dt></dt><dd><i class=""fa fa-map-marker"" aria-hidden=""true""></i><span><a href=""https://atlantaplanit.wabe.org/venues/high-museum-of-art-2/"">High Museum of Art</a></span></dd></dl>","<a class=""main-link"" href=""https://atlantaplanit.wabe.org/events/first-fridays/"">First Fridays</a>","<td class=""thumb"">
	<a title=""First Fridays"" href=""https://atlantaplanit.wabe.org/events/first-fridays/""><img width=""200"" height=""200"" src=""/wp-content/uploads/2016/09/High_-_First_Fridays.jpg"" class=""attachment-planit-300-sq size-planit-300-sq wp-post-image"" alt="""" srcset=""/wp-content/uploads/2016/09/High_-_First_Fridays.jpg 200w, /wp-content/uploads/2016/09/High_-_First_Fridays-63x63.jpg 63w"" sizes=""(max-width: 200px) 100vw, 200px""></a>	</td>
	<td class=""title"">
		<a class=""main-link"" href=""https://atlantaplanit.wabe.org/events/first-fridays/"">First Fridays</a>	</td>
	<td class=""tags"">
		<span class=""cat-links""><a href=""/galleries/"" rel=""tag"">Galleries</a> <a href=""/holiday/"" rel=""tag"">Holiday</a> <a href=""/museums/"" rel=""tag"">Museums</a></span>	</td>
	<td class=""timetable"">
		<dl class=""pi-field dates"" title=""Dates""><dt></dt><dd><i class=""fa fa-calendar-o"" aria-hidden=""true""></i><span>May 5 – Dec 1</span></dd></dl>		<dl class=""pi-field dates"" title=""Dates""><dt></dt><dd><table class=""times""><tbody><tr><th>Days</th><th>Time</th></tr><tr></tr><tr style=""display:none""><td></td><td></td></tr><tr><td>Fri, May 5<br>Fri, Jun 2<br>Fri, Jul 7<br>Fri, Aug 4<br>Fri, Sep 1<br>Fri, Oct 6<br>Fri, Nov 3<br>Fri, Dec 1</td><td>6pm – 9pm</td></tr></tbody></table></dd></dl>	</td>
	<td class=""venue hide-if-list-view"">
		<dl class=""pi-field venue"" title=""Venue""><dt></dt><dd><i class=""fa fa-map-marker"" aria-hidden=""true""></i><span><a href=""https://atlantaplanit.wabe.org/venues/high-museum-of-art-2/"">High Museum of Art</a></span></dd></dl>	</td>","May 5 – Dec 1","Fri, May 5Fri, Jun 2Fri, Jul 7Fri, Aug 4Fri, Sep 1Fri, Oct 6Fri, Nov 3Fri, Dec 1","6pm – 9pm"
"","null","null","null","null","null","null","<td colspan=""6"">

				<div class=""three-ads-section"">
	<p class=""section-heading"">Advertisements</p>
		<section class=""advert advert-block with-ad"" style=""display: block;"">
        		<!-- API_medium_1 -->
<div id=""API_medium_1"" class=""API_medium_1 advert"" data-google-query-id=""CNCy8o755tMCFUprwQodT7AEqQ"" data-is-empty=""0""><div id=""google_ads_iframe_/1003751/API_medium_1_0__container__"" style=""border: 0pt none; margin: auto; text-align: center;""><iframe id=""google_ads_iframe_/1003751/API_medium_1_0"" title=""3rd party ad content"" name=""google_ads_iframe_/1003751/API_medium_1_0"" width=""300"" height=""250"" scrolling=""no"" marginwidth=""0"" marginheight=""0"" frameborder=""0"" srcdoc="""" style=""border: 0px; vertical-align: bottom;""></iframe></div></div>
	</section>
	<section class=""advert advert-block with-ad"" style=""display: block;"">
        		<!-- API_medium_2 -->
<div id=""API_medium_2"" class=""API_medium_2 advert"" data-google-query-id=""CLjX8o755tMCFRIMgQodifME1Q"" data-is-empty=""0""><div id=""google_ads_iframe_/1003751/API_medium_2_0__container__"" style=""border: 0pt none; margin: auto; text-align: center;""><iframe id=""google_ads_iframe_/1003751/API_medium_2_0"" title=""3rd party ad content"" name=""google_ads_iframe_/1003751/API_medium_2_0"" width=""300"" height=""250"" scrolling=""no"" marginwidth=""0"" marginheight=""0"" frameborder=""0"" srcdoc="""" style=""border: 0px; vertical-align: bottom;""></iframe></div></div>
	</section>
	<section class=""advert advert-block with-ad"" style=""display: block;"">
        		<!-- API_medium_3 -->
<div id=""API_medium_3"" class=""API_medium_3 advert"" data-google-query-id=""CJri8o755tMCFVcVgQod5uUI_w"" data-is-empty=""0""><div id=""google_ads_iframe_/1003751/API_medium_3_0__container__"" style=""border: 0pt none; margin: auto; text-align: center;""><iframe id=""google_ads_iframe_/1003751/API_medium_3_0"" title=""3rd party ad content"" name=""google_ads_iframe_/1003751/API_medium_3_0"" width=""300"" height=""250"" scrolling=""no"" marginwidth=""0"" marginheight=""0"" frameborder=""0"" srcdoc="""" style=""border: 0px; vertical-align: bottom;""></iframe></div></div>
	</section>
</div>
				</td>","null","",""
"https://atlantaplanit.wabe.org/wp-content/uploads/2017/03/Stone_Mountain_Park_Memorial_Day_Weekend-300x300.jpg","Stone Mountain Park Memorial Day Weekend","Family Festivals Holiday","<dl class=""pi-field dates"" title=""Dates""><dt></dt><dd><i class=""fa fa-calendar-o"" aria-hidden=""true""></i><span>May 26 – May 29</span></dd></dl>		<dl class=""pi-field dates"" title=""Dates""><dt></dt><dd><table class=""times""><tbody><tr><th>Days</th><th>Time</th></tr><tr></tr><tr style=""display:none""><td></td><td></td></tr><tr><td>Every </td><td>10am – 10pm</td></tr></tbody></table></dd></dl>","Stone Mountain Park","<dl class=""pi-field venue"" title=""Venue""><dt></dt><dd><i class=""fa fa-map-marker"" aria-hidden=""true""></i><span><a href=""https://atlantaplanit.wabe.org/venues/stone-mountain-park-2/"">Stone Mountain Park</a></span></dd></dl>","<a class=""main-link"" href=""https://atlantaplanit.wabe.org/events/stone-mountain-park-memorial-day-weekend/"">Stone Mountain Park Memorial Day Weekend</a>","<td class=""thumb"">
	<a title=""Stone Mountain Park Memorial Day Weekend"" href=""https://atlantaplanit.wabe.org/events/stone-mountain-park-memorial-day-weekend/""><img width=""300"" height=""300"" src=""/wp-content/uploads/2017/03/Stone_Mountain_Park_Memorial_Day_Weekend-300x300.jpg"" class=""attachment-planit-300-sq size-planit-300-sq wp-post-image"" alt="""" srcset=""/wp-content/uploads/2017/03/Stone_Mountain_Park_Memorial_Day_Weekend-300x300.jpg 300w, /wp-content/uploads/2017/03/Stone_Mountain_Park_Memorial_Day_Weekend-63x63.jpg 63w, /wp-content/uploads/2017/03/Stone_Mountain_Park_Memorial_Day_Weekend.jpg 477w"" sizes=""(max-width: 300px) 100vw, 300px""></a>	</td>
	<td class=""title"">
		<a class=""main-link"" href=""https://atlantaplanit.wabe.org/events/stone-mountain-park-memorial-day-weekend/"">Stone Mountain Park Memorial Day Weekend</a>	</td>
	<td class=""tags"">
		<span class=""cat-links""><a href=""/family/"" rel=""tag"">Family</a> <a href=""/festivals/"" rel=""tag"">Festivals</a> <a href=""/holiday/"" rel=""tag"">Holiday</a></span>	</td>
	<td class=""timetable"">
		<dl class=""pi-field dates"" title=""Dates""><dt></dt><dd><i class=""fa fa-calendar-o"" aria-hidden=""true""></i><span>May 26 – May 29</span></dd></dl>		<dl class=""pi-field dates"" title=""Dates""><dt></dt><dd><table class=""times""><tbody><tr><th>Days</th><th>Time</th></tr><tr></tr><tr style=""display:none""><td></td><td></td></tr><tr><td>Every </td><td>10am – 10pm</td></tr></tbody></table></dd></dl>	</td>
	<td class=""venue hide-if-list-view"">
		<dl class=""pi-field venue"" title=""Venue""><dt></dt><dd><i class=""fa fa-map-marker"" aria-hidden=""true""></i><span><a href=""https://atlantaplanit.wabe.org/venues/stone-mountain-park-2/"">Stone Mountain Park</a></span></dd></dl>	</td>","May 26 – May 29","Every","10am – 10pm"
"https://atlantaplanit.wabe.org/wp-content/uploads/2016/09/Dia_de_los_Muertos_-_atlhistorycenter-300x300.jpg","Day of the Dead, Dia de los Muertos","Family Festivals Holiday Museums","<dl class=""pi-field dates"" title=""Dates""><dt></dt><dd><i class=""fa fa-calendar-o"" aria-hidden=""true""></i><span>Oct 29</span></dd></dl>		<dl class=""pi-field dates"" title=""Dates""><dt></dt><dd><table class=""times""><tbody><tr><th>Days</th><th>Time</th></tr><tr></tr><tr style=""display:none""><td></td><td></td></tr><tr><td>Sun, Oct 29</td><td>12pm – 5pm</td></tr></tbody></table></dd></dl>","Atlanta History Center","<dl class=""pi-field venue"" title=""Venue""><dt></dt><dd><i class=""fa fa-map-marker"" aria-hidden=""true""></i><span><a href=""https://atlantaplanit.wabe.org/venues/atlanta-history-center-2/"">Atlanta History Center</a></span></dd></dl>","<a class=""main-link"" href=""https://atlantaplanit.wabe.org/events/day-of-the-dead-dia-de-los-muertos/"">Day of the Dead, Dia de los Muertos</a>","<td class=""thumb"">
	<a title=""Day of the Dead, Dia de los Muertos"" href=""https://atlantaplanit.wabe.org/events/day-of-the-dead-dia-de-los-muertos/""><img width=""300"" height=""300"" src=""/wp-content/uploads/2016/09/Dia_de_los_Muertos_-_atlhistorycenter-300x300.jpg"" class=""attachment-planit-300-sq size-planit-300-sq wp-post-image"" alt="""" srcset=""/wp-content/uploads/2016/09/Dia_de_los_Muertos_-_atlhistorycenter-300x300.jpg 300w, /wp-content/uploads/2016/09/Dia_de_los_Muertos_-_atlhistorycenter-63x63.jpg 63w, /wp-content/uploads/2016/09/Dia_de_los_Muertos_-_atlhistorycenter.jpg 477w"" sizes=""(max-width: 300px) 100vw, 300px""></a>	</td>
	<td class=""title"">
		<a class=""main-link"" href=""https://atlantaplanit.wabe.org/events/day-of-the-dead-dia-de-los-muertos/"">Day of the Dead, Dia de los Muertos</a>	</td>
	<td class=""tags"">
		<span class=""cat-links""><a href=""/family/"" rel=""tag"">Family</a> <a href=""/festivals/"" rel=""tag"">Festivals</a> <a href=""/holiday/"" rel=""tag"">Holiday</a> <a href=""/museums/"" rel=""tag"">Museums</a></span>	</td>
	<td class=""timetable"">
		<dl class=""pi-field dates"" title=""Dates""><dt></dt><dd><i class=""fa fa-calendar-o"" aria-hidden=""true""></i><span>Oct 29</span></dd></dl>		<dl class=""pi-field dates"" title=""Dates""><dt></dt><dd><table class=""times""><tbody><tr><th>Days</th><th>Time</th></tr><tr></tr><tr style=""display:none""><td></td><td></td></tr><tr><td>Sun, Oct 29</td><td>12pm – 5pm</td></tr></tbody></table></dd></dl>	</td>
	<td class=""venue hide-if-list-view"">
		<dl class=""pi-field venue"" title=""Venue""><dt></dt><dd><i class=""fa fa-map-marker"" aria-hidden=""true""></i><span><a href=""https://atlantaplanit.wabe.org/venues/atlanta-history-center-2/"">Atlanta History Center</a></span></dd></dl>	</td>","Oct 29","Sun, Oct 29","12pm – 5pm"
"https://atlantaplanit.wabe.org/wp-content/uploads/2017/03/Atl_Bot_-_Gardens_for_Connoisseurs_Tour2013.jpg","Mother’s Day Gardens for Connoisseurs Tour","Holiday","<dl class=""pi-field dates"" title=""Dates""><dt></dt><dd><i class=""fa fa-calendar-o"" aria-hidden=""true""></i><span>May 13 – May 14</span></dd></dl>		<dl class=""pi-field dates"" title=""Dates""><dt></dt><dd><table class=""times""><tbody><tr><th>Days</th><th>Time</th></tr><tr></tr><tr style=""display:none""><td></td><td></td></tr><tr><td>Every </td><td>10am – 5pm</td></tr></tbody></table></dd></dl>","Atlanta Botanical Garden","<dl class=""pi-field venue"" title=""Venue""><dt></dt><dd><i class=""fa fa-map-marker"" aria-hidden=""true""></i><span><a href=""https://atlantaplanit.wabe.org/venues/atlanta-botanical-garden/"">Atlanta Botanical Garden</a></span></dd></dl>","<a class=""main-link"" href=""https://atlantaplanit.wabe.org/events/mothers-day-gardens-for-connoisseurs-tour/"">Mother’s Day Gardens for Connoisseurs Tour</a>","<td class=""thumb"">
	<a title=""Mother’s Day Gardens for Connoisseurs Tour"" href=""https://atlantaplanit.wabe.org/events/mothers-day-gardens-for-connoisseurs-tour/""><img width=""200"" height=""200"" src=""/wp-content/uploads/2017/03/Atl_Bot_-_Gardens_for_Connoisseurs_Tour2013.jpg"" class=""attachment-planit-300-sq size-planit-300-sq wp-post-image"" alt="""" srcset=""/wp-content/uploads/2017/03/Atl_Bot_-_Gardens_for_Connoisseurs_Tour2013.jpg 200w, /wp-content/uploads/2017/03/Atl_Bot_-_Gardens_for_Connoisseurs_Tour2013-63x63.jpg 63w"" sizes=""(max-width: 200px) 100vw, 200px""></a>	</td>
	<td class=""title"">
		<a class=""main-link"" href=""https://atlantaplanit.wabe.org/events/mothers-day-gardens-for-connoisseurs-tour/"">Mother’s Day Gardens for Connoisseurs Tour</a>	</td>
	<td class=""tags"">
		<span class=""cat-links""><a href=""/holiday/"" rel=""tag"">Holiday</a></span>	</td>
	<td class=""timetable"">
		<dl class=""pi-field dates"" title=""Dates""><dt></dt><dd><i class=""fa fa-calendar-o"" aria-hidden=""true""></i><span>May 13 – May 14</span></dd></dl>		<dl class=""pi-field dates"" title=""Dates""><dt></dt><dd><table class=""times""><tbody><tr><th>Days</th><th>Time</th></tr><tr></tr><tr style=""display:none""><td></td><td></td></tr><tr><td>Every </td><td>10am – 5pm</td></tr></tbody></table></dd></dl>	</td>
	<td class=""venue hide-if-list-view"">
		<dl class=""pi-field venue"" title=""Venue""><dt></dt><dd><i class=""fa fa-map-marker"" aria-hidden=""true""></i><span><a href=""https://atlantaplanit.wabe.org/venues/atlanta-botanical-garden/"">Atlanta Botanical Garden</a></span></dd></dl>	</td>","May 13 – May 14","Every","10am – 5pm"
"https://atlantaplanit.wabe.org/wp-content/uploads/2017/03/Light_Up_Dunwoody_-_cvbdunwoodycom-300x300.jpg","Light Up Dunwoody","Family Festivals Free Holiday","<dl class=""pi-field dates"" title=""Dates""><dt></dt><dd><i class=""fa fa-calendar-o"" aria-hidden=""true""></i><span>Nov 19</span></dd></dl>		<dl class=""pi-field dates"" title=""Dates""><dt></dt><dd><table class=""times""><tbody><tr><th>Days</th><th>Time</th></tr><tr></tr><tr style=""display:none""><td></td><td></td></tr><tr><td>Sun, Nov 19</td><td>3pm – 6pm</td></tr></tbody></table></dd></dl>","Atlanta","<dl class=""pi-field venue"" title=""Venue""><dt></dt><dd><i class=""fa fa-map-marker"" aria-hidden=""true""></i><span><a href=""https://atlantaplanit.wabe.org/venues/atlanta-2/"">Atlanta</a></span></dd></dl>","<a class=""main-link"" href=""https://atlantaplanit.wabe.org/events/light-up-dunwoody/"">Light Up Dunwoody</a>","<td class=""thumb"">
	<a title=""Light Up Dunwoody"" href=""https://atlantaplanit.wabe.org/events/light-up-dunwoody/""><img width=""300"" height=""300"" src=""/wp-content/uploads/2017/03/Light_Up_Dunwoody_-_cvbdunwoodycom-300x300.jpg"" class=""attachment-planit-300-sq size-planit-300-sq wp-post-image"" alt="""" srcset=""/wp-content/uploads/2017/03/Light_Up_Dunwoody_-_cvbdunwoodycom-300x300.jpg 300w, /wp-content/uploads/2017/03/Light_Up_Dunwoody_-_cvbdunwoodycom-63x63.jpg 63w, /wp-content/uploads/2017/03/Light_Up_Dunwoody_-_cvbdunwoodycom.jpg 477w"" sizes=""(max-width: 300px) 100vw, 300px""></a>	</td>
	<td class=""title"">
		<a class=""main-link"" href=""https://atlantaplanit.wabe.org/events/light-up-dunwoody/"">Light Up Dunwoody</a>	</td>
	<td class=""tags"">
		<span class=""cat-links""><a href=""/family/"" rel=""tag"">Family</a> <a href=""/festivals/"" rel=""tag"">Festivals</a> <a href=""/free/"" rel=""tag"">Free</a> <a href=""/holiday/"" rel=""tag"">Holiday</a></span>	</td>
	<td class=""timetable"">
		<dl class=""pi-field dates"" title=""Dates""><dt></dt><dd><i class=""fa fa-calendar-o"" aria-hidden=""true""></i><span>Nov 19</span></dd></dl>		<dl class=""pi-field dates"" title=""Dates""><dt></dt><dd><table class=""times""><tbody><tr><th>Days</th><th>Time</th></tr><tr></tr><tr style=""display:none""><td></td><td></td></tr><tr><td>Sun, Nov 19</td><td>3pm – 6pm</td></tr></tbody></table></dd></dl>	</td>
	<td class=""venue hide-if-list-view"">
		<dl class=""pi-field venue"" title=""Venue""><dt></dt><dd><i class=""fa fa-map-marker"" aria-hidden=""true""></i><span><a href=""https://atlantaplanit.wabe.org/venues/atlanta-2/"">Atlanta</a></span></dd></dl>	</td>","Nov 19","Sun, Nov 19","3pm – 6pm"
"https://atlantaplanit.wabe.org/wp-content/uploads/2017/03/Annual_Cherokee_County_Indian_Festival-300x300.jpg","Annual Cherokee County Indian Festival & Mother’s Day Powwow","Family Festivals Holiday","<dl class=""pi-field dates"" title=""Dates""><dt></dt><dd><i class=""fa fa-calendar-o"" aria-hidden=""true""></i><span>May 13 – May 14</span></dd></dl>		<dl class=""pi-field dates"" title=""Dates""><dt></dt><dd><table class=""times""><tbody><tr><th>Days</th><th>Time</th></tr><tr></tr><tr style=""display:none""><td></td><td></td></tr><tr><td>Sat, May 13</td><td>10am – 6pm</td></tr><tr><td>Sun, May 14</td><td>11am – 6pm</td></tr></tbody></table></dd></dl>","Atlanta","<dl class=""pi-field venue"" title=""Venue""><dt></dt><dd><i class=""fa fa-map-marker"" aria-hidden=""true""></i><span><a href=""https://atlantaplanit.wabe.org/venues/atlanta-2/"">Atlanta</a></span></dd></dl>","<a class=""main-link"" href=""https://atlantaplanit.wabe.org/events/annual-cherokee-county-indian-festival-mothers-day-powwow/"">Annual Cherokee County Indian Festival &amp; Mother’s Day Powwow</a>","<td class=""thumb"">
	<a title=""Annual Cherokee County Indian Festival &amp; Mother’s Day Powwow"" href=""https://atlantaplanit.wabe.org/events/annual-cherokee-county-indian-festival-mothers-day-powwow/""><img width=""300"" height=""300"" src=""/wp-content/uploads/2017/03/Annual_Cherokee_County_Indian_Festival-300x300.jpg"" class=""attachment-planit-300-sq size-planit-300-sq wp-post-image"" alt="""" srcset=""/wp-content/uploads/2017/03/Annual_Cherokee_County_Indian_Festival-300x300.jpg 300w, /wp-content/uploads/2017/03/Annual_Cherokee_County_Indian_Festival-63x63.jpg 63w, /wp-content/uploads/2017/03/Annual_Cherokee_County_Indian_Festival.jpg 477w"" sizes=""(max-width: 300px) 100vw, 300px""></a>	</td>
	<td class=""title"">
		<a class=""main-link"" href=""https://atlantaplanit.wabe.org/events/annual-cherokee-county-indian-festival-mothers-day-powwow/"">Annual Cherokee County Indian Festival &amp; Mother’s Day Powwow</a>	</td>
	<td class=""tags"">
		<span class=""cat-links""><a href=""/family/"" rel=""tag"">Family</a> <a href=""/festivals/"" rel=""tag"">Festivals</a> <a href=""/holiday/"" rel=""tag"">Holiday</a></span>	</td>
	<td class=""timetable"">
		<dl class=""pi-field dates"" title=""Dates""><dt></dt><dd><i class=""fa fa-calendar-o"" aria-hidden=""true""></i><span>May 13 – May 14</span></dd></dl>		<dl class=""pi-field dates"" title=""Dates""><dt></dt><dd><table class=""times""><tbody><tr><th>Days</th><th>Time</th></tr><tr></tr><tr style=""display:none""><td></td><td></td></tr><tr><td>Sat, May 13</td><td>10am – 6pm</td></tr><tr><td>Sun, May 14</td><td>11am – 6pm</td></tr></tbody></table></dd></dl>	</td>
	<td class=""venue hide-if-list-view"">
		<dl class=""pi-field venue"" title=""Venue""><dt></dt><dd><i class=""fa fa-map-marker"" aria-hidden=""true""></i><span><a href=""https://atlantaplanit.wabe.org/venues/atlanta-2/"">Atlanta</a></span></dd></dl>	</td>","May 13 – May 14","Sat, May 13","10am – 6pm"
"https://atlantaplanit.wabe.org/wp-content/uploads/2017/05/GA_-_Memorial_Day-300x300.jpg","Memorial Day at Georgia Aquarium","Holiday Museums","<dl class=""pi-field dates"" title=""Dates""><dt></dt><dd><i class=""fa fa-calendar-o"" aria-hidden=""true""></i><span>May 29</span></dd></dl>		<dl class=""pi-field dates"" title=""Dates""><dt></dt><dd><table class=""times""><tbody><tr><th>Days</th><th>Time</th></tr><tr></tr><tr style=""display:none""><td></td><td></td></tr><tr><td>Mon, May 29</td><td>11am – 2pm</td></tr></tbody></table></dd></dl>","Georgia Aquarium","<dl class=""pi-field venue"" title=""Venue""><dt></dt><dd><i class=""fa fa-map-marker"" aria-hidden=""true""></i><span><a href=""https://atlantaplanit.wabe.org/venues/georgia-aquarium/"">Georgia Aquarium</a></span></dd></dl>","<a class=""main-link"" href=""https://atlantaplanit.wabe.org/events/memorial-day-at-georgia-aquarium/"">Memorial Day at Georgia Aquarium</a>","<td class=""thumb"">
	<a title=""Memorial Day at Georgia Aquarium"" href=""https://atlantaplanit.wabe.org/events/memorial-day-at-georgia-aquarium/""><img width=""300"" height=""300"" src=""/wp-content/uploads/2017/05/GA_-_Memorial_Day-300x300.jpg"" class=""attachment-planit-300-sq size-planit-300-sq wp-post-image"" alt="""" srcset=""/wp-content/uploads/2017/05/GA_-_Memorial_Day-300x300.jpg 300w, /wp-content/uploads/2017/05/GA_-_Memorial_Day-63x63.jpg 63w, /wp-content/uploads/2017/05/GA_-_Memorial_Day.jpg 477w"" sizes=""(max-width: 300px) 100vw, 300px""></a>	</td>
	<td class=""title"">
		<a class=""main-link"" href=""https://atlantaplanit.wabe.org/events/memorial-day-at-georgia-aquarium/"">Memorial Day at Georgia Aquarium</a>	</td>
	<td class=""tags"">
		<span class=""cat-links""><a href=""/holiday/"" rel=""tag"">Holiday</a> <a href=""/museums/"" rel=""tag"">Museums</a></span>	</td>
	<td class=""timetable"">
		<dl class=""pi-field dates"" title=""Dates""><dt></dt><dd><i class=""fa fa-calendar-o"" aria-hidden=""true""></i><span>May 29</span></dd></dl>		<dl class=""pi-field dates"" title=""Dates""><dt></dt><dd><table class=""times""><tbody><tr><th>Days</th><th>Time</th></tr><tr></tr><tr style=""display:none""><td></td><td></td></tr><tr><td>Mon, May 29</td><td>11am – 2pm</td></tr></tbody></table></dd></dl>	</td>
	<td class=""venue hide-if-list-view"">
		<dl class=""pi-field venue"" title=""Venue""><dt></dt><dd><i class=""fa fa-map-marker"" aria-hidden=""true""></i><span><a href=""https://atlantaplanit.wabe.org/venues/georgia-aquarium/"">Georgia Aquarium</a></span></dd></dl>	</td>","May 29","Mon, May 29","11am – 2pm"
"https://atlantaplanit.wabe.org/wp-content/uploads/2017/03/Six_Flags_Fourth-300x300.jpg","Coca-Cola® July 4th Fest","Family Festivals Holiday","<dl class=""pi-field dates"" title=""Dates""><dt></dt><dd><i class=""fa fa-calendar-o"" aria-hidden=""true""></i><span>Jul 2 – Jul 4</span></dd></dl>		<dl class=""pi-field dates"" title=""Dates""><dt></dt><dd><table class=""times""><tbody><tr><th>Days</th><th>Time</th></tr><tr></tr><tr style=""display:none""><td></td><td></td></tr><tr><td>Every </td><td>10:30am – 10pm</td></tr></tbody></table></dd></dl>","Six Flags Over Georgia","<dl class=""pi-field venue"" title=""Venue""><dt></dt><dd><i class=""fa fa-map-marker"" aria-hidden=""true""></i><span><a href=""https://atlantaplanit.wabe.org/venues/six-flags-over-georgia/"">Six Flags Over Georgia</a></span></dd></dl>","<a class=""main-link"" href=""https://atlantaplanit.wabe.org/events/coca-cola-july-4th-fest/"">Coca-Cola® July 4th Fest</a>","<td class=""thumb"">
	<a title=""Coca-Cola® July 4th Fest"" href=""https://atlantaplanit.wabe.org/events/coca-cola-july-4th-fest/""><img width=""300"" height=""300"" src=""/wp-content/uploads/2017/03/Six_Flags_Fourth-300x300.jpg"" class=""attachment-planit-300-sq size-planit-300-sq wp-post-image"" alt="""" srcset=""/wp-content/uploads/2017/03/Six_Flags_Fourth-300x300.jpg 300w, /wp-content/uploads/2017/03/Six_Flags_Fourth-63x63.jpg 63w, /wp-content/uploads/2017/03/Six_Flags_Fourth.jpg 477w"" sizes=""(max-width: 300px) 100vw, 300px""></a>	</td>
	<td class=""title"">
		<a class=""main-link"" href=""https://atlantaplanit.wabe.org/events/coca-cola-july-4th-fest/"">Coca-Cola® July 4th Fest</a>	</td>
	<td class=""tags"">
		<span class=""cat-links""><a href=""/family/"" rel=""tag"">Family</a> <a href=""/festivals/"" rel=""tag"">Festivals</a> <a href=""/holiday/"" rel=""tag"">Holiday</a></span>	</td>
	<td class=""timetable"">
		<dl class=""pi-field dates"" title=""Dates""><dt></dt><dd><i class=""fa fa-calendar-o"" aria-hidden=""true""></i><span>Jul 2 – Jul 4</span></dd></dl>		<dl class=""pi-field dates"" title=""Dates""><dt></dt><dd><table class=""times""><tbody><tr><th>Days</th><th>Time</th></tr><tr></tr><tr style=""display:none""><td></td><td></td></tr><tr><td>Every </td><td>10:30am – 10pm</td></tr></tbody></table></dd></dl>	</td>
	<td class=""venue hide-if-list-view"">
		<dl class=""pi-field venue"" title=""Venue""><dt></dt><dd><i class=""fa fa-map-marker"" aria-hidden=""true""></i><span><a href=""https://atlantaplanit.wabe.org/venues/six-flags-over-georgia/"">Six Flags Over Georgia</a></span></dd></dl>	</td>","Jul 2 – Jul 4","Every","10:30am – 10pm"
"https://atlantaplanit.wabe.org/wp-content/uploads/2016/08/Decatur_Book_Festival-300x300.jpg","Decatur Book Festival","Family Festivals Free Holiday","<dl class=""pi-field dates"" title=""Dates""><dt></dt><dd><i class=""fa fa-calendar-o"" aria-hidden=""true""></i><span>Sep 1 – Sep 3</span></dd></dl>","Decatur Square","<dl class=""pi-field venue"" title=""Venue""><dt></dt><dd><i class=""fa fa-map-marker"" aria-hidden=""true""></i><span><a href=""https://atlantaplanit.wabe.org/venues/decatur-square/"">Decatur Square</a></span></dd></dl>","<a class=""main-link"" href=""https://atlantaplanit.wabe.org/events/decatur-book-festival/"">Decatur Book Festival</a>","<td class=""thumb"">
	<a title=""Decatur Book Festival"" href=""https://atlantaplanit.wabe.org/events/decatur-book-festival/""><img width=""300"" height=""300"" src=""/wp-content/uploads/2016/08/Decatur_Book_Festival-300x300.jpg"" class=""attachment-planit-300-sq size-planit-300-sq wp-post-image"" alt="""" srcset=""/wp-content/uploads/2016/08/Decatur_Book_Festival-300x300.jpg 300w, /wp-content/uploads/2016/08/Decatur_Book_Festival-63x63.jpg 63w, /wp-content/uploads/2016/08/Decatur_Book_Festival.jpg 477w"" sizes=""(max-width: 300px) 100vw, 300px""></a>	</td>
	<td class=""title"">
		<a class=""main-link"" href=""https://atlantaplanit.wabe.org/events/decatur-book-festival/"">Decatur Book Festival</a>	</td>
	<td class=""tags"">
		<span class=""cat-links""><a href=""/family/"" rel=""tag"">Family</a> <a href=""/festivals/"" rel=""tag"">Festivals</a> <a href=""/free/"" rel=""tag"">Free</a> <a href=""/holiday/"" rel=""tag"">Holiday</a></span>	</td>
	<td class=""timetable"">
		<dl class=""pi-field dates"" title=""Dates""><dt></dt><dd><i class=""fa fa-calendar-o"" aria-hidden=""true""></i><span>Sep 1 – Sep 3</span></dd></dl>			</td>
	<td class=""venue hide-if-list-view"">
		<dl class=""pi-field venue"" title=""Venue""><dt></dt><dd><i class=""fa fa-map-marker"" aria-hidden=""true""></i><span><a href=""https://atlantaplanit.wabe.org/venues/decatur-square/"">Decatur Square</a></span></dd></dl>	</td>","Sep 1 – Sep 3","",""
"https://atlantaplanit.wabe.org/wp-content/uploads/2017/03/Misc_-_Norcross_-_Red_White_Boom.jpg","Norcross July 4th Celebration – Red, White & Boom!","Family Festivals Holiday","<dl class=""pi-field dates"" title=""Dates""><dt></dt><dd><i class=""fa fa-calendar-o"" aria-hidden=""true""></i><span>Jul 3</span></dd></dl>		<dl class=""pi-field dates"" title=""Dates""><dt></dt><dd><table class=""times""><tbody><tr><th>Days</th><th>Time</th></tr><tr></tr><tr style=""display:none""><td></td><td></td></tr><tr><td>Mon, Jul 3</td><td>5pm – 11pm</td></tr></tbody></table></dd></dl>","Norcross Cultural Arts and Community Center","<dl class=""pi-field venue"" title=""Venue""><dt></dt><dd><i class=""fa fa-map-marker"" aria-hidden=""true""></i><span><a href=""https://atlantaplanit.wabe.org/venues/norcross-cultural-arts-and-community-center/"">Norcross Cultural Arts and Community Center</a></span></dd></dl>","<a class=""main-link"" href=""https://atlantaplanit.wabe.org/events/norcross-july-4th-celebration-red-white-boom/"">Norcross July 4th Celebration – Red, White &amp; Boom!</a>","<td class=""thumb"">
	<a title=""Norcross July 4th Celebration – Red, White &amp; Boom!"" href=""https://atlantaplanit.wabe.org/events/norcross-july-4th-celebration-red-white-boom/""><img width=""280"" height=""280"" src=""/wp-content/uploads/2017/03/Misc_-_Norcross_-_Red_White_Boom.jpg"" class=""attachment-planit-300-sq size-planit-300-sq wp-post-image"" alt="""" srcset=""/wp-content/uploads/2017/03/Misc_-_Norcross_-_Red_White_Boom.jpg 280w, /wp-content/uploads/2017/03/Misc_-_Norcross_-_Red_White_Boom-63x63.jpg 63w"" sizes=""(max-width: 280px) 100vw, 280px""></a>	</td>
	<td class=""title"">
		<a class=""main-link"" href=""https://atlantaplanit.wabe.org/events/norcross-july-4th-celebration-red-white-boom/"">Norcross July 4th Celebration – Red, White &amp; Boom!</a>	</td>
	<td class=""tags"">
		<span class=""cat-links""><a href=""/family/"" rel=""tag"">Family</a> <a href=""/festivals/"" rel=""tag"">Festivals</a> <a href=""/holiday/"" rel=""tag"">Holiday</a></span>	</td>
	<td class=""timetable"">
		<dl class=""pi-field dates"" title=""Dates""><dt></dt><dd><i class=""fa fa-calendar-o"" aria-hidden=""true""></i><span>Jul 3</span></dd></dl>		<dl class=""pi-field dates"" title=""Dates""><dt></dt><dd><table class=""times""><tbody><tr><th>Days</th><th>Time</th></tr><tr></tr><tr style=""display:none""><td></td><td></td></tr><tr><td>Mon, Jul 3</td><td>5pm – 11pm</td></tr></tbody></table></dd></dl>	</td>
	<td class=""venue hide-if-list-view"">
		<dl class=""pi-field venue"" title=""Venue""><dt></dt><dd><i class=""fa fa-map-marker"" aria-hidden=""true""></i><span><a href=""https://atlantaplanit.wabe.org/venues/norcross-cultural-arts-and-community-center/"">Norcross Cultural Arts and Community Center</a></span></dd></dl>	</td>","Jul 3","Mon, Jul 3","5pm – 11pm"
"https://atlantaplanit.wabe.org/wp-content/uploads/2016/09/Boo_at_the_Zoo-300x300.jpg","Boo At The Zoo","Family Festivals Holiday","<dl class=""pi-field dates"" title=""Dates""><dt></dt><dd><i class=""fa fa-calendar-o"" aria-hidden=""true""></i><span>Oct 21 – Oct 29</span></dd></dl>		<dl class=""pi-field dates"" title=""Dates""><dt></dt><dd><table class=""times""><tbody><tr><th>Days</th><th>Time</th></tr><tr></tr><tr style=""display:none""><td></td><td></td></tr><tr><td>Every </td><td>9:30am – 3pm</td></tr></tbody></table></dd></dl>","Zoo Atlanta","<dl class=""pi-field venue"" title=""Venue""><dt></dt><dd><i class=""fa fa-map-marker"" aria-hidden=""true""></i><span><a href=""https://atlantaplanit.wabe.org/venues/zoo-atlanta/"">Zoo Atlanta</a></span></dd></dl>","<a class=""main-link"" href=""https://atlantaplanit.wabe.org/events/boo-at-the-zoo/"">Boo At The Zoo</a>","<td class=""thumb"">
	<a title=""Boo At The Zoo"" href=""https://atlantaplanit.wabe.org/events/boo-at-the-zoo/""><img width=""300"" height=""300"" src=""/wp-content/uploads/2016/09/Boo_at_the_Zoo-300x300.jpg"" class=""attachment-planit-300-sq size-planit-300-sq wp-post-image"" alt="""" srcset=""/wp-content/uploads/2016/09/Boo_at_the_Zoo-300x300.jpg 300w, /wp-content/uploads/2016/09/Boo_at_the_Zoo-63x63.jpg 63w, /wp-content/uploads/2016/09/Boo_at_the_Zoo.jpg 477w"" sizes=""(max-width: 300px) 100vw, 300px""></a>	</td>
	<td class=""title"">
		<a class=""main-link"" href=""https://atlantaplanit.wabe.org/events/boo-at-the-zoo/"">Boo At The Zoo</a>	</td>
	<td class=""tags"">
		<span class=""cat-links""><a href=""/family/"" rel=""tag"">Family</a> <a href=""/festivals/"" rel=""tag"">Festivals</a> <a href=""/holiday/"" rel=""tag"">Holiday</a></span>	</td>
	<td class=""timetable"">
		<dl class=""pi-field dates"" title=""Dates""><dt></dt><dd><i class=""fa fa-calendar-o"" aria-hidden=""true""></i><span>Oct 21 – Oct 29</span></dd></dl>		<dl class=""pi-field dates"" title=""Dates""><dt></dt><dd><table class=""times""><tbody><tr><th>Days</th><th>Time</th></tr><tr></tr><tr style=""display:none""><td></td><td></td></tr><tr><td>Every </td><td>9:30am – 3pm</td></tr></tbody></table></dd></dl>	</td>
	<td class=""venue hide-if-list-view"">
		<dl class=""pi-field venue"" title=""Venue""><dt></dt><dd><i class=""fa fa-map-marker"" aria-hidden=""true""></i><span><a href=""https://atlantaplanit.wabe.org/venues/zoo-atlanta/"">Zoo Atlanta</a></span></dd></dl>	</td>","Oct 21 – Oct 29","Every","9:30am – 3pm"
"https://atlantaplanit.wabe.org/wp-content/uploads/2016/07/SipsSea-300x300.jpg","Sips Under The Sea: New Year’s Eve Edition","Holiday","<dl class=""pi-field dates"" title=""Dates""><dt></dt><dd><i class=""fa fa-calendar-o"" aria-hidden=""true""></i><span>Dec 31</span></dd></dl>		<dl class=""pi-field dates"" title=""Dates""><dt></dt><dd><table class=""times""><tbody><tr><th>Days</th><th>Time</th></tr><tr></tr><tr style=""display:none""><td></td><td></td></tr><tr><td>Sun, Dec 31</td><td>7pm – 9pm</td></tr></tbody></table></dd></dl>","Georgia Aquarium","<dl class=""pi-field venue"" title=""Venue""><dt></dt><dd><i class=""fa fa-map-marker"" aria-hidden=""true""></i><span><a href=""https://atlantaplanit.wabe.org/venues/georgia-aquarium/"">Georgia Aquarium</a></span></dd></dl>","<a class=""main-link"" href=""https://atlantaplanit.wabe.org/events/sips-under-the-sea-new-years-eve-edition/"">Sips Under The Sea: New Year’s Eve Edition</a>","<td class=""thumb"">
	<a title=""Sips Under The Sea: New Year’s Eve Edition"" href=""https://atlantaplanit.wabe.org/events/sips-under-the-sea-new-years-eve-edition/""><img width=""300"" height=""300"" src=""/wp-content/uploads/2016/07/SipsSea-300x300.jpg"" class=""attachment-planit-300-sq size-planit-300-sq wp-post-image"" alt="""" srcset=""/wp-content/uploads/2016/07/SipsSea-300x300.jpg 300w, /wp-content/uploads/2016/07/SipsSea-63x63.jpg 63w, /wp-content/uploads/2016/07/SipsSea.jpg 400w"" sizes=""(max-width: 300px) 100vw, 300px""></a>	</td>
	<td class=""title"">
		<a class=""main-link"" href=""https://atlantaplanit.wabe.org/events/sips-under-the-sea-new-years-eve-edition/"">Sips Under The Sea: New Year’s Eve Edition</a>	</td>
	<td class=""tags"">
		<span class=""cat-links""><a href=""/holiday/"" rel=""tag"">Holiday</a></span>	</td>
	<td class=""timetable"">
		<dl class=""pi-field dates"" title=""Dates""><dt></dt><dd><i class=""fa fa-calendar-o"" aria-hidden=""true""></i><span>Dec 31</span></dd></dl>		<dl class=""pi-field dates"" title=""Dates""><dt></dt><dd><table class=""times""><tbody><tr><th>Days</th><th>Time</th></tr><tr></tr><tr style=""display:none""><td></td><td></td></tr><tr><td>Sun, Dec 31</td><td>7pm – 9pm</td></tr></tbody></table></dd></dl>	</td>
	<td class=""venue hide-if-list-view"">
		<dl class=""pi-field venue"" title=""Venue""><dt></dt><dd><i class=""fa fa-map-marker"" aria-hidden=""true""></i><span><a href=""https://atlantaplanit.wabe.org/venues/georgia-aquarium/"">Georgia Aquarium</a></span></dd></dl>	</td>","Dec 31","Sun, Dec 31","7pm – 9pm"
